<?xml version="1.0" encoding="utf-8"?>
<theme id="ugc" name="ugc"><char id="248089025" enc_asset_id="248089025" name="Untitled" cc_theme_id="business" thumbnail_url="char_default.png" copyable="Y"><tags/></char><char id="248088518" enc_asset_id="248088518" name="Untitled" cc_theme_id="business" thumbnail_url="char_default.png" copyable="Y"><tags/></char><char id="274508546" enc_asset_id="274508546" name="Untitled" cc_theme_id="business" thumbnail_url="char_default.png" copyable="Y"><tags/></char><prop subtype="video" id="vi-0.flv" enc_asset_id="vi-0.flv" name="vi-0.flv" enable="Y" placeable="1" facing="left" width="640" height="360" asset_url="/assets/video/vi-0.flv" thumbnail_url="/assets/video/vi-0.png"/></theme>